,1,2,3,4,5,6,7,8,class
0,202.0573922,66.84725735,22.83995,22.51103,20.72642,19.73599,19.02991,0.4848291,A
1,335.2875937,32.00948213,22.01626,21.7848,20.88737,20.05915,19.57626,0.7249529,A
2,16.21480548,0.699616316,24.21497,22.06556,21.60563,21.61062,21.57221,3.244582,C
3,51.72235112,0.864618668,19.59608,18.62307,18.15525,17.97813,17.83277,0.000151549,B
4,163.0871967,6.398186932,24.57691,22.75312,20.8208,19.95587,19.50265,0.4871067,A
5,223.7413139,52.41828768,22.6629,20.15553,18.40015,17.7303,17.31008,0.3154393,A
6,125.8778617,45.68472776,20.90225,20.835,20.59191,20.66925,20.58982,1.00788,C
7,222.0987877,51.77559447,23.24749,21.68629,21.24072,21.09596,20.61616,2.810354,C
8,233.9994644,26.96257557,23.36415,22.77891,21.14321,19.96105,19.64019,0.6972113,A
9,146.0750778,18.64745429,24.30735,21.65285,20.01136,19.10524,18.5661,0.5100687,A
10,118.4708347,21.7316935,25.48248,22.46187,20.79686,19.87017,19.42093,0.4814946,A
11,0.526927323,-4.675688136,20.44311,19.44995,19.14237,19.03143,19.05108,-0.000152456,B
12,226.4058517,32.72294682,18.54914,17.3212,16.79862,16.57719,16.47774,0.000158291,B
13,216.3988862,64.37963533,20.20098,18.57811,17.77474,17.27717,17.00322,0.1130051,A
14,184.0252558,6.927688984,22.51037,21.49923,21.34253,21.52199,20.97556,0.00024016,B
15,242.0403059,26.22086105,22.4858,19.56861,17.81954,17.15898,16.8101,0.3288459,A
16,206.82295,18.57023806,20.34308,20.12892,20.34323,20.63153,21.02014,-7.31e-05,B
17,339.4443298,6.796644385,23.17716,22.76052,21.41589,20.24168,19.70893,0.604601,A
18,223.2745183,17.4334513,25.7362,22.24045,20.60283,19.45813,19.10482,0.5645142,A
19,142.404693,12.87938071,21.1107,20.71331,20.52589,20.55575,20.17318,0.843767,C
20,236.4359917,42.97348446,21.49404,19.19242,18.18233,17.74354,17.42262,0.1417453,A
21,350.5143302,-0.199615396,23.32267,21.84151,21.69245,21.68511,21.08862,8.67e-05,B
22,12.11386006,-9.57387874,19.29061,19.08761,18.90418,18.83548,18.81557,1.224391,C
23,14.18182366,19.32845566,21.65697,20.96995,20.59114,20.36486,19.96031,1.242702,C
24,354.5662883,12.5546473,20.17705,18.22905,17.01083,16.4986,16.08587,0.1471565,A
25,194.9310639,33.86673426,21.8049,22.1191,21.41345,21.4537,21.78582,1.349068,C
26,112.1330557,44.68125904,22.74999,22.10808,20.45059,19.58727,19.17794,0.5523563,A
27,132.6990864,0.949252412,24.02574,22.75825,20.91304,19.59585,18.75226,0.000426382,B
28,1.188958915,-3.012507095,21.11271,20.32258,20.06668,20.00457,19.83164,2.544239,C
29,202.5314586,3.187432087,22.75336,20.40913,18.83996,18.19513,17.83241,0.3157023,A
30,20.70238109,-3.888223477,24.63462,23.03648,21.38901,20.1458,22.8269,6.983865,C
31,129.6791056,34.89298983,22.87021,19.56982,18.05138,17.51952,17.19887,0.2537871,A
32,165.3248394,27.34433831,21.14165,20.153,19.75502,19.60954,19.51567,0.000674085,B
33,32.04888329,5.981430766,19.19991,18.24198,17.9488,17.82873,17.80138,-0.000889657,B
34,41.7553297,-0.48061472,19.69519,18.64854,18.24655,17.9911,17.84216,0.04220365,A
35,240.4495671,47.27648468,22.17004,22.0296,21.52868,21.16347,21.37385,1.083014,C
36,158.7302556,44.59996418,19.51003,17.46166,16.43903,15.95534,15.69449,0.07594939,A
37,139.3595002,1.217084965,22.22259,21.50513,19.98718,19.0183,18.69886,0.5526999,A
38,257.5980713,33.14536447,21.40771,19.88757,18.35706,17.74155,17.32614,0.3106809,A
39,139.7879103,36.45570373,20.78169,19.66614,18.76704,18.42177,18.24447,0.2230038,C
40,132.1214836,21.77424612,25.62845,22.89841,22.43147,21.85371,21.50672,2.036165,C
41,347.7116731,3.004003376,23.7955,21.39774,19.6113,18.91449,18.52238,0.3880428,A
42,217.3021468,12.42622378,19.5846,17.71704,16.65748,16.19997,15.84701,0.1315569,A
43,240.512432,15.32963402,20.12468,18.44266,17.44336,17.01596,16.63464,0.1092968,A
44,156.0984434,24.36887249,22.64056,21.72721,20.29417,19.50317,19.08309,0.5865468,A
45,358.5288359,-7.340169965,25.99888,22.24358,20.53851,19.71644,19.13599,0.5062289,A
46,237.2271962,11.27064694,22.78652,21.86315,20.30735,19.40312,19.15994,0.5252296,A
47,197.5058449,4.103408281,23.71585,21.95476,20.42268,19.24242,18.98567,0.5324834,A
48,233.2700111,51.14848146,21.78962,20.94483,20.75029,20.53328,20.02949,0.7211712,C
49,22.96756278,18.20077104,23.62195,22.73664,22.10744,21.67828,21.68048,0.9040607,A
50,224.8844955,48.51011285,23.40564,22.16517,20.54631,19.35562,18.83182,0.61017,A
51,142.5989761,57.28539162,21.93554,21.27259,21.26247,21.75596,21.61526,-0.000367884,B
52,203.4685293,36.68109238,23.11292,21.85538,19.91418,18.75055,18.22985,0.6011354,A
53,155.9451524,64.98649448,24.61876,20.77412,19.04002,18.39844,17.959,0.3866997,A
54,137.7220945,30.30406705,21.39323,21.46163,20.95876,21.0752,21.64771,1.269552,C
55,224.3487301,52.08976126,22.70918,20.89282,19.07305,18.45805,18.0792,0.3394319,A
56,2.962649375,26.82879491,26.74355,23.85232,21.95305,20.74261,19.73049,0.0,A
57,40.96252475,0.678938923,21.14813,19.41079,18.70175,18.429,18.27287,0.000637318,B
58,120.1861348,9.011198418,19.34688,18.48973,18.20828,18.08427,17.99985,0.000591441,B
59,207.4846195,47.1476317,23.81688,22.18573,20.26166,19.44772,19.10172,0.5079378,A
60,150.1366743,20.58069771,22.8262,21.2038,19.4387,18.74284,18.30497,0.3396841,A
61,52.78238048,-0.693001397,20.35891,18.61136,17.8047,17.45994,17.25751,-3.62e-05,B
62,179.6219034,-2.903913799,23.15401,21.67455,20.63209,19.82575,19.19374,0.6188779,A
63,227.8797401,39.78198657,20.03659,17.96008,16.85013,16.39072,16.06001,0.1469677,A
64,345.7335521,25.0055977,25.5948,22.50019,20.74037,19.69959,19.26376,0.6061395,A
65,230.5457549,-1.063351238,20.45875,18.56703,17.49523,17.04447,16.66183,0.1157017,A
66,4.723468083,-7.456008381,22.94393,19.58213,18.17972,17.57883,17.24218,0.2432692,A
67,166.4744097,47.49646653,23.27597,22.90673,21.80879,20.85039,19.9103,0.9399817,A
68,330.9258741,5.508660965,19.37639,17.18141,16.31369,15.99375,15.82554,6.85e-05,B
69,2.38925472,3.041524595,22.8824,22.11465,20.47589,19.45836,18.97002,0.5074153,A
70,353.9289358,27.55016866,24.35886,21.70629,20.67055,19.93328,19.53129,0.5973675,A
71,253.1764689,38.44131922,22.33465,21.87009,21.61485,21.41006,21.02318,2.154892,C
72,115.2288329,47.71625598,26.61142,22.23078,21.46492,20.38645,19.24479,0.8650687,A
73,156.2789418,18.22011763,23.26635,20.51561,18.90105,18.29174,17.90223,0.3011258,A
74,221.3639362,51.01196444,21.7745,21.14443,21.08397,21.14017,20.92081,-0.000338172,B
75,120.3682031,23.51645028,18.41702,16.36526,15.61611,15.37863,15.32629,3.01e-05,B
76,7.828281384,10.68020985,22.97973,21.62584,20.02287,19.20907,18.61113,0.4995398,A
77,229.7017749,43.8813911,22.83447,19.52587,18.11135,17.54286,17.23707,0.2862114,A
78,118.2666001,38.63516183,23.21648,22.16679,21.72356,21.40921,20.80968,2.018954,C
79,238.0827204,2.191396666,23.065,22.60932,20.86354,19.93545,19.61837,0.476854,A
80,342.0021068,30.03476836,22.668,21.11723,19.23558,18.60489,18.1328,0.3815864,A
81,343.6384881,23.7716558,23.76551,22.51311,20.61219,19.72001,19.1272,0.5773105,A
82,341.084801,29.92378327,24.59346,22.51578,20.87699,19.98772,19.79286,0.4625345,A
83,219.0464592,-2.300590594,21.84873,21.30636,21.28905,21.04719,20.92344,2.273961,C
84,193.41924,30.6531305,22.50519,21.52641,19.71598,18.63297,18.07963,0.5044665,A
85,152.478422,47.36277746,22.96434,20.77941,19.10578,18.46494,18.0931,0.3959739,A
86,2.627639116,-0.749398436,23.33256,22.51646,21.90094,21.56904,21.44699,0.252818,A
87,120.7875145,24.98680547,22.55552,21.6788,21.2738,20.91418,20.89178,2.842424,C
88,226.3650729,38.51977811,21.59072,21.41789,21.3738,21.14966,20.96745,0.05368,A
89,247.4653126,46.31046139,22.00642,20.14749,19.27771,18.94209,18.74572,-0.000250399,B
90,115.3094928,19.25936026,19.86292,18.24046,17.54855,17.26752,17.09771,0.000297716,B
91,332.3833352,16.74938473,21.4113,21.77418,20.58172,19.57732,18.89378,0.6450231,A
92,251.1480991,40.00702569,22.01906,21.84925,21.79008,21.71346,21.44048,2.167053,C
93,123.079286,38.12530241,19.72894,18.74549,18.4392,18.32168,18.28859,-0.00061622,B
94,230.677313,7.10684744,20.19111,18.34068,17.14043,16.76312,16.38169,0.1428802,A
95,13.66590709,-1.027740805,19.72141,18.45138,17.92103,17.63917,17.46795,0.134015,A
96,7.00564413,-9.595040114,20.17034,19.0132,18.64812,18.50652,18.43438,-0.000126005,B
97,46.49223638,0.195306716,18.68282,17.49667,17.07571,16.81145,16.67707,0.08135921,A
98,220.6311283,63.42933956,24.83885,22.0934,20.52797,19.70263,19.3582,0.4573099,A
99,3.20272837,-6.117558165,20.61604,18.37836,17.01886,16.50819,16.12948,0.2019878,A
100,191.7677606,51.5828077,17.55609,16.73623,16.40951,16.2323,16.08953,0.02987399,A
101,211.7971293,39.83251502,19.60093,17.74763,16.89002,16.49366,16.20422,0.08051506,A
102,359.4442878,2.209141739,24.28032,21.60508,21.36531,21.3638,21.23362,2.5726,C
103,21.23651173,40.03726343,22.61378,20.86052,20.24425,19.97244,19.89653,-0.000226727,B
104,216.375847,56.76112604,21.86883,21.7473,21.47907,21.04817,20.88632,1.492107,C
105,172.3491653,22.66601721,26.02341,21.25898,19.3966,18.43532,17.93231,0.4935103,A
106,205.0261128,36.50933993,21.5298,21.51535,21.67019,21.337,21.52576,1.472773,C
107,32.52468514,-0.337414916,19.71348,18.64073,18.08278,17.74316,17.55337,0.1020413,A
108,127.5965557,20.20337579,24.18248,22.15721,20.5997,19.80291,19.26836,0.4552289,A
109,127.1766187,10.68295194,19.39935,18.06093,17.61458,17.39263,17.36528,0.08698423,A
110,178.8568211,6.252135859,17.42114,16.48965,16.09982,15.75904,15.60313,0.05275836,A
111,346.0923366,1.095581339,22.77785,22.97618,22.22126,21.9664,21.57007,0.7486144,A
112,151.8220044,39.5097604,22.20571,22.04634,21.44597,21.40054,21.217,1.193633,C
113,247.7135951,35.63381613,21.93855,21.25829,20.39748,19.5213,19.44534,0.718472,A
114,30.47163894,3.909508673,26.13637,22.79901,22.08461,21.49031,20.90746,0.8204225,A
115,196.9267393,47.38504042,23.14112,23.00723,21.66675,20.57573,19.8348,0.6656216,A
116,13.85845829,0.234884843,23.88294,23.58419,21.82086,20.62333,19.9006,0.6717553,A
117,326.2620492,10.16741775,25.7157,22.54004,20.82262,19.69724,19.31774,0.5998108,A
118,241.0689162,33.73407764,18.08657,16.16854,15.24153,14.82507,14.48602,0.05894097,A
119,4.693891329,27.66174438,22.44022,20.56794,20.28796,20.02241,20.04701,-0.001082707,B
120,8.521582362,-2.844723504,21.68118,22.04251,20.40345,19.4474,19.11785,0.4668059,A
121,351.2028323,34.48384196,25.44028,21.49707,19.45109,18.78467,18.35076,0.3609688,A
122,136.2837576,32.89291901,21.92737,21.36985,21.24083,21.20441,21.10576,0.9767414,C
123,1.172361386,3.716559612,19.03717,18.06425,17.74144,17.61325,17.5586,-0.000288603,B
124,359.9719366,-7.711280775,23.13836,21.08459,20.8085,20.80929,20.65309,-0.000458894,B
125,184.3056048,35.27516921,23.22548,20.46036,18.65366,17.94742,17.55854,0.3694704,A
126,8.637128353,-1.127558287,24.58678,24.46593,22.82553,21.62336,22.53122,1.396341,C
127,318.5219234,-8.066380719,19.97972,18.72734,18.25008,17.91052,17.85319,0.09102788,A
128,192.4846688,35.06671961,20.91461,21.03397,20.86599,20.69358,20.24581,0.9725893,C
129,134.420011,50.24307539,21.90608,21.83028,21.93669,21.40347,21.90628,1.317652,C
130,1.264580709,-2.842731813,23.17908,22.35033,21.93302,21.68089,21.14988,0.9859797,A
131,112.6762864,41.66743171,20.28728,18.79046,18.20459,17.97356,17.82634,-0.000238905,B
132,145.0387078,38.07087192,22.73005,21.36775,20.13985,19.68208,19.48638,0.2312943,A
133,124.8555729,42.21032007,22.9855,21.9465,21.99138,21.84225,22.14001,1.618458,C
134,334.4446863,11.39461895,19.7669,18.29599,17.23127,16.7069,16.38083,0.1454584,C
135,241.4609484,45.92576484,22.26001,21.83019,21.65058,21.66639,21.06565,1.521161,C
136,234.3645252,46.09097903,21.67924,20.24875,20.12417,20.08749,20.05178,3.187947,C
137,231.32718,11.6397398,19.88017,18.34719,17.59496,17.2396,16.97354,0.08527021,A
138,114.6762915,48.59081276,24.19512,21.99076,20.42005,19.46614,19.03067,0.510757,A
139,347.2468367,0.7992285,24.61747,22.59045,21.76981,21.42927,20.77028,1.604809,A
140,217.956145,15.13102343,22.20899,21.45282,21.15685,20.81203,20.70215,1.700691,C
141,327.6987591,3.981826891,21.16242,21.38615,21.21644,20.87349,20.72539,1.984496,C
142,345.1422043,7.02467991,22.91265,21.22537,19.43895,18.69476,18.17881,0.4134659,A
143,25.78230181,18.26125572,27.47463,20.82565,19.52973,18.71076,18.21201,0.5158575,A
144,4.728224716,-10.03055289,19.37671,18.4452,18.11687,17.9839,17.91755,0.000312205,B
145,339.1548943,32.62683014,25.07505,23.75355,22.02765,20.76921,19.89226,3.44e-05,B
146,200.3074814,29.96566417,24.6511,20.17224,18.55339,17.98324,17.67331,0.2643177,A
147,243.0079327,16.89246448,25.74199,21.42204,20.34657,19.99375,19.68748,-0.0037826,B
148,242.1909167,52.46823017,17.69516,16.05587,15.47792,15.30115,15.24064,-6.66e-05,B
149,205.9610742,37.27587282,26.50286,21.89965,20.32631,19.3097,18.75469,0.5592377,A
150,206.0376886,7.96185707,24.09867,22.39408,20.67217,19.79216,19.27292,0.4989085,A
151,234.9876476,31.05618963,22.97317,22.4122,20.65079,19.84048,19.30994,0.4755875,A
152,208.2174007,58.28097308,20.3296,19.72952,19.76658,20.09644,20.01133,-0.000168745,B
153,17.0238448,0.876612021,22.26924,20.10524,18.70458,17.40728,16.7089,8.61e-05,B
154,120.222482,35.69724619,21.96586,21.92584,21.5589,21.4072,21.33497,0.9641314,C
155,200.7413229,32.11775215,23.97396,25.00187,23.26625,20.89671,19.53069,-0.000178796,B
156,245.0623246,53.86687825,19.72827,18.75336,18.47169,18.37181,18.3575,-0.000789165,B
157,118.0128588,22.24558097,24.97588,23.27189,20.84936,19.75923,19.31347,0.550513,A
158,205.6934022,47.20531322,23.94531,22.32148,20.94084,19.8153,19.15046,0.7190335,A
159,218.8815797,50.63761421,22.7326,22.00036,20.09814,19.1773,18.72694,0.4807061,A
160,217.9281421,64.98486872,19.4081,18.9766,18.45626,18.14572,18.01131,0.2341089,A
161,59.37937796,-5.788981552,21.09101,20.18188,20.10728,19.9613,19.63149,2.308343,C
162,159.7138298,27.58403563,24.01276,23.09876,22.64828,22.2832,22.26548,1.271703,C
163,171.8552957,41.13574525,22.77338,22.86469,21.86078,20.69256,19.7605,0.8252388,A
164,233.5133026,36.58334458,23.44113,21.98898,20.38332,19.5608,19.06179,0.4431093,A
165,179.6698568,34.23366612,23.21068,24.86865,22.12743,20.79617,19.40184,0.8475193,A
166,210.2098644,6.38641556,21.61185,20.3688,18.7804,18.15032,17.72386,0.3090956,A
167,198.9426375,45.90097586,20.89743,20.78184,20.73251,20.57288,20.12617,1.885637,C
168,118.7309274,43.89561058,24.54079,23.28037,22.02582,20.59053,19.64102,0.000101262,B
169,182.5805401,59.44557279,21.97641,21.47408,21.18664,20.89182,20.47256,1.130425,C
170,176.3300159,46.19351617,21.09729,21.08861,21.39245,20.85723,21.06814,1.730847,C
171,125.7734493,59.82447253,21.99213,19.99792,18.3806,17.76696,17.3311,0.2612079,A
172,353.0288524,3.517812877,19.15736,18.15281,17.8227,17.68199,17.62357,-0.000675541,B
173,337.0534613,22.63228843,23.81982,22.91344,21.53858,20.44844,19.74569,0.5076942,A
174,244.8352812,23.17337704,19.21449,18.94169,18.61189,18.63833,18.64954,1.028624,C
175,231.6140344,14.64013272,22.90133,21.81304,21.68406,21.60767,21.44146,1.441475,C
176,4.192661955,-9.695824273,24.17929,22.26868,20.56013,18.67566,17.63787,-4.01e-05,B
177,138.9468239,49.75425494,17.27532,16.32034,15.97787,15.86811,15.82411,-0.00017392,B
178,226.4550887,42.4406358,19.92602,18.22452,17.32821,16.90454,16.58681,0.1146136,A
179,247.3690387,28.05222816,20.36545,18.57152,17.37693,16.81525,16.42265,0.1878833,A
180,323.4503045,0.19081779,22.93233,22.65431,22.14188,21.9417,21.77035,1.770965,C
181,317.3507382,6.679722168,21.75771,20.94439,20.27072,19.5173,19.10663,0.1854058,A
182,16.01681941,-0.873095936,19.32796,17.30824,16.40922,15.98772,15.66858,0.06662918,A
183,1.954424583,16.20809068,22.08046,21.05438,20.82405,20.64363,20.169,2.58688,C
184,230.8230518,33.10855537,18.9461,17.72974,17.25025,16.89828,16.72542,0.08166929,A
185,238.0496238,16.45462198,19.29674,18.34902,17.77312,17.39575,17.22054,0.08112971,A
186,206.0182384,40.68080333,26.68803,20.5532,18.83899,18.16551,17.70016,0.3682776,A
187,217.7532367,29.42713588,25.98252,21.61319,19.96801,19.00355,18.64125,0.5252522,A
188,130.5314736,23.50394553,20.86341,19.99716,19.92472,19.9925,19.69605,2.75666,C
189,185.6164917,19.22242574,19.70967,18.21721,17.25165,16.80053,16.41291,0.1517811,A
190,20.82329954,0.47933096,22.7221,22.17582,21.62402,21.32279,20.59956,0.8965564,A
191,214.1517603,30.53353287,20.61869,18.53846,17.34015,16.86768,16.55301,0.168337,A
192,348.9513603,0.831555805,23.26801,20.93796,19.22707,18.59689,18.24819,0.3312543,A
193,343.7100147,0.012054924,23.52549,22.57484,21.47427,20.413,19.48092,0.6973024,A
194,188.5555361,47.89755121,17.52886,17.12131,16.83071,16.79801,16.39765,0.3730817,C
195,145.5334733,41.59678785,22.85034,21.92442,20.17058,19.18372,18.94914,0.4992559,A
196,15.51840754,0.390061548,18.57176,16.8058,15.98192,15.60321,15.31268,0.04353213,A
197,179.8268143,42.00338383,21.46945,20.98221,20.89408,20.68706,20.3617,0.6900436,C
198,138.5565335,31.92650568,25.06956,21.50478,21.10105,20.97368,20.99417,3.119209,C
199,220.9125688,14.68651068,23.53411,21.86642,20.32897,19.39151,18.87888,0.5222181,A
200,357.9900375,35.71490947,22.12746,22.18593,21.95625,21.96748,21.68043,2.196218,C
201,346.6174899,21.4591087,23.49146,24.25103,22.54315,20.87827,19.94328,7.002656,C
202,172.8344899,35.97388273,22.26566,21.35546,20.19329,19.40204,19.00451,0.4714377,A
203,141.4190467,11.79161539,21.9886,21.38304,21.13948,21.13181,21.06069,0.7366008,C
204,142.3701316,33.84835763,21.69656,21.53658,21.32234,21.25455,20.70784,0.8017401,C
205,30.55048867,-3.833153066,23.42859,22.78681,22.38594,21.42923,21.53324,0.897804,A
206,20.24721185,30.41207473,24.15862,23.22647,21.83492,20.73839,19.98652,0.537945,A
207,219.9449128,47.96920512,24.22001,23.66731,21.62779,20.4117,19.6901,0.7171162,A
208,254.3834623,43.98743262,22.25495,21.89459,21.85101,21.57198,21.4012,1.789708,C
209,121.3987614,10.86365427,25.01097,22.05295,20.3949,19.61726,19.08534,0.4630977,A
210,349.6588656,28.44124219,22.22634,20.00084,19.25716,18.96833,18.7997,-0.000466047,B
211,198.1474636,34.60125242,19.77024,18.3623,17.6192,17.14279,16.80824,0.06739897,A
212,121.3671985,42.49949629,25.12476,22.97503,20.76658,19.6036,18.96056,0.5740268,A
213,176.7191901,49.50782617,19.03466,17.49309,16.80904,16.5311,16.38287,-0.000137853,B
214,54.69764839,0.719667608,21.57403,20.92592,20.60385,20.16853,20.0098,1.55084,C
215,169.3810368,41.31735885,21.93601,21.84292,21.3791,21.03669,20.73948,2.024164,C
216,246.9570968,38.39242925,18.62296,17.85121,17.73813,17.62978,17.60916,0.03277966,A
217,210.0663181,20.24948535,18.91212,17.82413,17.2949,17.10027,16.90142,0.02252121,A
218,184.9653648,8.548155494,18.93257,17.87707,17.35839,17.12367,16.89141,0.0243151,A
219,207.8881593,53.59999146,21.31341,19.9108,18.54999,17.89686,17.47161,0.2396331,A
220,123.1173786,58.16176307,21.02465,20.20174,20.04727,19.95245,19.87093,2.550728,C
221,129.8237627,-1.152067555,20.06465,18.27394,17.55031,17.26155,17.11921,0.000373142,B
222,331.8138621,0.043894231,21.2254,18.9988,17.75268,17.2418,16.88146,0.1538744,A
223,194.0424954,57.62576691,18.82271,17.33387,16.64515,16.25978,16.00022,0.09874756,A
224,328.6398909,0.152004391,22.12222,20.59074,19.52962,19.10547,18.84893,0.1480115,A
225,250.8485981,31.85794632,19.50862,17.2367,16.2935,15.95203,15.76908,-1.23e-06,B
226,138.6945599,5.146099271,23.23424,21.61124,20.25949,19.49425,18.74879,0.5499949,A
227,241.8992193,10.83279093,19.0319,18.76947,18.6996,18.49694,18.52765,1.825507,C
228,169.1639362,41.33500709,18.75283,17.86375,17.60158,17.52102,17.50148,-0.000102898,B
229,330.6710285,8.79989202,21.74611,21.07815,20.94551,20.84361,20.60691,2.29554,C
230,236.0370207,44.90998516,21.82075,21.43897,21.43901,21.41447,21.63718,-0.000286358,B
231,229.9615487,16.15892868,21.89593,20.5412,18.88282,18.30478,17.91303,0.2893334,A
232,134.7220096,32.64059144,19.19855,17.43037,16.61152,16.23646,15.94856,0.07498986,A
233,346.006417,0.686284887,22.14443,20.50789,18.89205,18.276,17.90911,0.4045052,A
234,38.46855196,-0.520773916,22.99226,22.88365,22.53888,21.80837,21.31649,0.8261081,A
235,350.5959862,0.64151386,20.29556,18.53107,17.41096,16.89877,16.51922,0.1457723,A
236,253.1552322,22.86373504,21.05033,19.93135,19.49095,19.31393,19.27954,-0.000314658,B
237,339.4411532,4.562192509,17.48336,16.52936,16.1301,15.97442,15.91324,-0.000559429,B
238,205.1601539,49.42124338,21.56907,21.70409,21.54648,21.45235,21.42847,1.41877,C
239,2.091614768,34.32684784,22.78124,22.31276,20.51832,19.6001,19.16008,0.5064446,A
240,320.281386,-0.479839345,20.92505,20.73211,20.7558,20.44299,20.28988,1.759017,C
241,212.9212803,23.73364515,21.48969,21.01831,20.95803,21.012,20.74879,2.322216,C
242,144.7247869,54.83606343,26.31594,22.63096,21.21634,20.54267,19.64799,0.4953055,A
243,127.0878839,0.855887996,19.84753,17.85176,16.66498,16.17503,15.83572,0.1596875,A
244,229.9670216,12.07455384,22.23236,20.69638,18.88776,18.10895,17.71412,0.4428138,A
245,172.6746018,28.35191638,18.30116,17.37321,17.05907,16.96698,16.94895,0.000248693,B
246,101.2961558,0.999041823,17.74339,15.83632,13.76373,13.21928,13.70234,0.000316058,B
247,358.8368188,19.5355299,25.98001,23.96174,22.06459,20.51645,19.66128,-7.6e-05,B
248,46.26559888,-0.807166677,22.52547,19.84065,18.70771,18.24648,17.95549,4.12e-06,B
249,213.586971,30.47934934,20.96932,18.62597,17.67041,17.18938,16.8113,0.06445701,A
250,153.1171033,36.38422255,24.54512,22.51548,20.88872,19.72883,19.30041,0.5729034,A
251,6.457190925,26.31588916,26.10623,23.49861,21.59511,20.50336,19.82888,0.5940167,A
252,333.5386618,19.35573887,23.1196,21.59822,21.49428,21.69185,22.97636,-0.000257314,B
253,30.57092673,-4.774641447,22.25144,20.53717,18.79691,18.17997,17.74496,0.3798581,A
254,139.5771924,36.36926689,20.61063,18.69809,17.46866,16.99496,16.6394,0.1753369,A
255,22.72870131,19.78065659,23.59904,23.13785,22.26209,21.5503,21.36828,0.7468145,A
256,226.8180957,42.2185218,25.31649,22.1877,20.40185,19.51206,19.14844,0.4837827,A
257,129.3301567,0.081998187,23.1504,22.03625,22.02777,21.85895,21.16055,3.416578,C
258,164.0796083,41.43482524,20.23172,20.30857,20.2911,20.10856,20.04755,1.949888,C
259,205.4178659,46.24411872,18.86071,17.05857,16.27137,15.85721,15.56396,0.06138999,A
260,170.2648613,18.20246582,23.74335,23.14742,21.3442,20.12477,19.65414,0.6602721,A
261,170.6387962,-1.344831782,20.91966,20.30491,20.01463,19.96478,19.65662,2.185833,C
262,325.0996533,9.93181413,24.90817,21.3571,19.60245,18.84693,18.44747,0.3947424,A
263,210.0629847,17.15983099,18.97063,17.53942,16.95051,16.59849,16.37249,0.06454667,A
264,167.1411941,25.47894844,22.15558,21.46438,21.37392,21.39055,22.30325,1.53046,C
265,180.4200723,33.67233137,20.18814,18.29288,17.23506,16.79855,16.43094,0.1314892,A
266,228.1857328,38.07248616,24.76866,23.51908,21.84709,20.66395,19.93999,0.6748613,A
267,237.8645832,39.77844631,20.53635,18.52378,17.50164,17.0476,16.69793,0.1360747,A
268,210.7999927,34.68460611,16.86522,15.66762,15.31873,15.09791,15.00486,0.04418589,A
269,58.69406603,0.572144344,24.2826,22.39095,20.7261,18.87517,17.89741,0.000101518,B
270,316.8585782,-7.978470808,18.63563,17.25383,16.42317,16.00143,15.75886,0.1229383,A
271,20.39201507,11.58372634,23.80304,22.41422,20.71024,19.87828,19.36415,0.4533366,A
272,142.0469899,30.47976121,22.1863,22.09524,21.05063,22.63321,21.24143,0.3104323,A
273,170.5646489,65.51708453,23.26646,22.41899,20.53334,19.57579,19.20018,0.5214717,A
274,257.6700403,25.57786901,25.9091,22.39476,20.57075,19.57287,19.24603,0.5539729,A
275,234.1651837,35.631513,25.35785,24.61681,22.17369,20.82028,19.91667,0.7609767,A
276,124.6070546,49.35881713,20.54946,20.47796,20.4537,20.14605,19.85703,1.725019,C
277,140.7248793,51.15308296,21.07907,18.97017,17.65264,17.13381,16.84757,0.218691,A
278,355.3257951,26.03372191,21.90113,20.39449,18.77699,18.16531,17.85544,0.2796155,A
279,241.5189081,61.46247012,22.09852,19.3943,17.91211,17.29248,16.94884,0.2772547,A
280,328.8051415,0.769588935,22.87165,23.16855,22.251,21.82093,21.56651,1.119845,A
281,329.9618915,5.451226923,18.9619,17.35853,16.67472,16.40547,16.28089,4.78e-05,B
282,221.538713,21.60667651,19.34806,18.53233,18.27887,18.20058,18.18385,-8.28e-05,B
283,240.9094897,15.11827282,19.19711,19.10596,19.11914,18.86214,18.81318,1.797516,C
284,250.6598919,36.16803112,17.36054,15.94995,15.42996,15.20988,15.13771,-0.000146426,B
285,156.5786744,-1.485233656,25.57153,21.6821,19.91028,19.01177,18.57523,0.4790743,A
286,208.8283782,40.64814328,22.83061,20.60144,19.2984,18.40643,17.95783,-4.4e-05,B
287,26.25655913,14.29146181,23.94266,21.27918,19.89182,19.14258,18.58776,0.3893405,A
288,152.86939,54.91491855,22.33835,21.78854,21.18235,20.74409,20.37319,0.3776844,A
289,170.765443,64.89183468,24.16113,21.74011,20.08212,19.0875,18.76362,0.5710085,A
290,336.2711798,16.53732835,24.91458,22.38194,20.534,19.72199,19.39088,0.4503888,A
291,239.1086239,46.38902202,20.03944,19.10287,18.99725,18.95428,18.96157,-0.000539284,B
292,235.9885389,3.982020381,20.53414,20.19019,19.94367,19.66788,19.99394,0.1275947,A
293,243.882393,29.48100514,22.78035,22.21519,20.63034,19.66983,19.13546,0.5308647,A
294,349.9350262,0.645765252,20.06485,18.89221,18.10753,17.67662,17.38558,0.1628512,A
295,254.5980733,44.0417738,22.68209,22.57655,20.54283,19.41801,18.92043,0.5584931,A
296,214.1994982,44.25934189,24.19896,22.30195,20.73345,19.9367,19.41073,0.4591113,A
297,147.8472687,38.56371275,23.33942,21.26724,19.37052,18.76549,18.43817,0.3311424,A
298,119.9266191,12.38167998,24.07008,21.57665,20.04116,18.14349,17.14449,-7.28e-05,B
299,342.9556572,27.70683217,22.70049,21.61046,21.02661,20.83804,20.84628,-0.00035328,B
300,5.49191574,3.712205543,23.57057,22.94757,22.12842,20.85649,21.43809,1.020905,C
301,216.476178,56.32010727,25.33996,23.48831,21.71222,20.52791,19.86907,0.5848631,A
302,188.0547261,52.51538777,21.70305,21.11604,20.08194,19.10353,18.43756,7.87e-05,B
303,353.8487338,26.58483203,22.12831,21.81006,21.3362,20.26298,19.5257,0.7916612,A
304,155.7579427,21.30121502,23.84921,22.5947,20.91922,19.78636,19.25537,0.5053962,A
305,348.9669855,-0.259571602,23.16874,21.55385,20.48907,19.33252,18.65877,3.5e-05,B
306,235.7451992,44.61686086,22.77605,22.18074,20.47553,19.21189,18.64899,0.6192833,A
307,171.9128487,50.59103694,23.4743,20.83246,19.10467,18.48964,18.06678,0.344456,A
308,130.2642563,24.69926911,22.68799,20.66835,18.94148,18.3376,17.95553,0.3753738,A
309,209.2901223,23.76970227,23.21869,22.41068,20.80867,19.75659,19.23712,0.5423844,A
310,353.9515597,19.89965103,21.61376,21.7261,21.39746,21.15175,21.44469,1.954003,C
311,245.6583297,51.03805025,21.89052,19.34781,17.84289,16.53112,15.86845,-5.15e-05,B
312,21.2141388,14.39913812,22.1777,21.30729,21.32921,21.2414,20.68136,2.357946,C
313,194.9017618,22.83605496,25.49816,22.22484,20.42639,19.42078,19.07872,0.4773588,A
314,355.1160023,1.29426363,22.22948,22.23781,21.72729,21.6903,21.36674,1.221857,C
315,222.2190877,50.35551587,18.74552,18.56671,18.88457,19.21131,19.41067,-8.96e-05,B
316,51.14473267,-0.740882135,20.86621,19.78507,19.36756,19.16165,19.10007,-0.000207046,B
317,9.418336489,2.745954676,18.19856,17.21931,16.94326,16.8337,16.81518,0.000130017,B
318,146.2501275,15.46112236,18.83273,17.08529,16.32051,15.96366,15.68788,0.0407582,A
319,20.50961881,20.86451092,23.56708,20.9869,20.11114,19.3738,19.24875,0.6311867,A
320,229.1866798,44.12737134,18.86368,17.06757,16.14465,15.70021,15.36703,0.1243724,A
321,116.3923491,19.85436098,18.91232,18.77894,18.63102,18.6599,18.70862,1.134658,C
322,354.4184815,26.7702483,22.13088,21.43372,21.50369,21.27473,21.08949,8.35e-05,B
323,201.9788076,59.29248739,17.7685,16.80376,16.42458,16.30039,16.26592,-0.000379028,B
324,352.4306797,7.372008297,21.9491,21.5007,20.98412,20.91267,20.70261,0.7325866,A
325,233.424011,14.79945331,25.46403,23.39217,21.13612,20.02637,19.58318,0.5961941,A
326,187.0862776,-2.155873643,23.88347,22.10223,20.55078,19.6908,19.26093,0.4441061,A
327,224.8380694,38.77940767,19.72806,18.43006,17.72231,17.32288,17.05165,0.09178029,A
328,214.3741768,16.3938248,20.58479,18.59701,17.42917,16.94185,16.58721,0.1663902,A
329,192.7084882,42.22689784,21.13752,20.46514,19.72154,19.58293,19.18891,0.3625414,A
330,215.5840909,-0.642895352,23.64871,21.79671,20.0968,19.15817,18.79812,0.497003,A
331,184.3841409,42.42113359,21.94993,21.16977,20.79978,20.67764,20.57043,0.000333142,B
332,354.6319566,27.00973038,20.06193,19.82293,19.77713,19.5086,19.64757,1.648559,C
333,239.3401029,15.82735963,18.03379,17.03104,16.57342,16.37659,16.20867,0.01617812,A
334,236.2366351,48.88670893,25.22464,21.75278,20.02582,19.07859,18.71357,0.5324789,A
335,92.17362498,0.053936755,23.66355,21.17034,19.50605,18.19226,17.54617,0.000192189,B
336,136.2255363,2.002423446,24.69769,23.32047,20.90912,19.70528,19.18206,0.5479943,A
337,229.6239602,33.15515539,20.65136,18.61546,17.60648,17.18758,16.84346,0.1162867,A
338,169.6687086,51.61804651,23.09693,20.46073,18.81208,18.19836,17.7788,0.324788,A
339,116.040302,35.32985126,22.3103,22.06633,21.58049,20.9591,20.45757,0.7931665,A
340,15.33054036,0.513148501,22.98637,20.64968,19.49802,18.95124,18.53938,0.2016601,A
341,354.5911264,8.4447584,22.66473,21.04267,19.13486,18.45527,18.1406,0.3541265,A
342,148.6422521,44.98724219,19.94975,18.45906,17.49115,17.05296,16.69955,0.1700103,A
343,132.8735135,5.136790237,20.47865,18.59303,17.54346,17.1496,16.7845,0.09602349,A
344,335.8569154,31.68661291,24.24195,22.6459,21.10104,19.94575,19.36863,-0.00051474,B
345,52.1531423,0.87676165,23.64634,22.78728,21.50735,20.34439,19.71073,0.000187345,B
346,202.2825517,-0.116789298,24.29018,21.47401,19.76222,18.85951,18.26773,0.4880304,A
347,45.59442333,-0.166957637,18.8185,17.65882,17.15764,16.9578,16.85175,-0.000224317,B
348,243.5587558,30.44161828,25.52101,22.18021,20.47548,19.47115,18.9941,0.5311035,A
349,132.1918892,10.69317766,19.73684,18.68175,18.3797,18.24853,18.27194,0.000252159,B
350,350.4474415,-9.586986853,20.57057,20.13635,20.20234,19.96764,19.92303,0.5899311,C
351,195.2077133,34.40538552,25.73888,23.73488,21.83987,20.7204,19.68249,0.864315,A
352,1.872261796,22.54459563,26.61548,23.35798,22.17953,21.06727,19.96393,1.449316,C
353,331.0786971,27.16615303,22.93996,21.34062,21.32778,21.16224,21.89969,-0.000761887,B
354,148.4808973,35.86094484,22.62688,21.93652,21.18136,20.66582,20.25356,0.0,A
355,186.8550585,12.9838129,20.83109,20.29342,20.36031,20.31674,20.12854,2.237959,C
356,178.3672081,-1.80992921,21.29241,20.75435,19.94866,19.08977,18.50478,0.7002128,A
357,220.5740505,33.92166424,18.08415,17.96314,18.21813,18.04722,17.82706,0.4496911,C
358,224.149925,36.178168,20.99437,21.49467,21.18741,21.22266,21.1997,1.264325,A
359,143.3577602,56.35925392,22.6074,20.15442,18.47612,17.89781,17.56309,0.299123,A
360,136.3633328,23.5732271,22.08369,20.86454,19.69243,19.23946,18.90748,0.1609946,A
361,223.4883038,41.14146923,22.89394,21.84883,20.25303,19.47028,18.94583,0.4642339,A
362,175.2362107,50.83607916,22.33003,19.75614,18.24331,17.65794,17.32942,0.288948,A
363,335.748201,10.31501369,25.88876,22.84488,20.86894,19.8498,19.3428,0.4824276,A
364,340.5690891,13.31954125,18.13571,17.16393,16.81732,16.68493,16.65011,-0.000527443,B
365,135.8257347,56.80152838,26.7161,22.15949,20.44188,19.52668,19.20468,0.4661209,A
366,182.2382742,59.04526644,24.12246,21.82829,22.2286,21.74457,20.40632,0.3686147,A
367,157.5028824,40.1904381,21.88885,20.74633,19.3435,18.61839,18.21688,0.4567586,A
368,348.2907685,-0.732336234,21.8574,21.33612,21.37388,21.37416,20.92894,2.415038,C
369,345.3159792,30.58454476,22.04292,22.9099,21.94889,20.72477,19.64294,0.1940711,A
370,32.45190453,-0.613405543,21.39548,19.24537,18.1236,17.66304,17.30738,0.1400898,A
371,328.1927422,0.201971542,23.57209,22.32437,20.91505,20.0184,19.62352,0.5033854,A
372,141.8478566,14.92817387,24.24184,22.9604,21.13004,19.9435,19.36278,0.6010216,A
373,128.0507121,28.991489,25.86369,22.42317,20.67184,19.72621,19.20617,0.5602395,A
374,242.4431055,59.39513403,22.22617,21.3682,21.13384,21.06743,20.44212,2.376976,C
375,164.1466623,40.40122937,19.33474,18.42618,18.0786,17.98181,17.9428,-0.000519092,B
376,227.4055148,22.80782126,19.79099,19.32505,19.2313,18.90565,18.73301,0.5350859,C
377,29.24168098,-10.13368696,21.51247,19.33824,17.87813,17.32168,16.99102,0.2978595,A
378,7.042929873,3.610529889,25.05272,22.91309,22.25125,21.69614,20.82194,1.109099,A
379,341.9764109,0.176948479,23.98938,23.58661,23.14252,22.0078,20.43995,0.8845689,A
380,117.0920309,27.91813204,16.80286,15.77424,15.52702,15.46405,15.47619,-9.61e-05,B
381,164.5513981,3.348315245,22.25705,20.93438,20.32227,20.08383,19.56928,5.47e-05,B
382,158.8421818,44.04637718,19.43412,18.21488,17.73139,17.40388,17.23708,0.05842041,A
383,234.2266214,14.67041046,19.78817,17.78407,16.77957,16.35165,16.03635,0.09294581,A
384,242.3438415,13.9052676,20.24642,18.18794,17.20329,16.78411,16.45175,0.09424847,A
385,135.3762364,42.76832738,23.81485,22.98044,21.95543,20.54633,19.88754,0.6326854,A
386,186.3388814,57.82462473,19.22283,17.7242,17.1751,16.83431,16.64699,0.1196462,A
387,357.9752317,27.25546816,19.18056,18.78932,18.64879,18.41779,18.40381,1.543016,C
388,18.39633254,17.77143591,23.61421,23.13435,21.57061,20.33543,19.94452,0.6083597,A
389,229.9845055,23.24278358,21.07939,20.12279,19.95463,19.92189,19.75296,3.82e-05,B
390,341.8350852,13.95490459,25.94705,22.15381,20.13236,19.29258,18.7399,0.4550951,A
391,253.1500607,29.39926376,22.62856,21.62848,21.21533,21.39468,20.96938,-0.000788923,B
392,180.2877713,49.8979187,20.08003,18.5354,17.90881,17.70602,17.56972,7.67e-05,B
393,233.81972,35.43303815,25.05067,22.17763,20.32285,19.4597,18.90166,0.4675781,A
394,186.2935801,22.3534928,23.95001,21.1931,19.35538,18.61155,18.24056,0.4256111,A
395,231.9222807,-1.270326313,23.46245,22.15631,21.04442,20.08035,19.62959,0.6013915,A
396,137.2458488,53.56042629,23.61772,22.69211,20.81505,19.71092,19.517,0.5456167,A
397,170.2284433,50.12394756,24.24073,22.97594,21.69941,20.65478,19.89731,0.7535319,A
398,130.4357092,31.40416405,22.14939,19.90867,18.39547,17.77443,17.35374,0.2823784,A
399,236.5182857,10.52452968,25.84606,21.94473,20.23023,19.36293,19.08925,0.4878337,A
400,171.8957986,38.87091798,19.11246,18.96257,18.84517,18.92966,18.81406,0.88572,C
401,148.815266,39.66658232,20.53704,19.06469,17.68981,17.1793,16.85195,0.2664399,A
402,150.0897313,16.29315327,22.07581,20.7339,19.21549,18.64846,18.32315,0.2984037,A
403,185.97012,5.541950812,22.94036,20.32153,18.64018,18.0477,17.65395,0.2920353,A
404,350.519855,0.772396129,19.81044,17.83546,16.85474,16.40503,16.05104,0.0,A
405,246.3278505,51.42224995,19.4034,18.53244,18.28387,18.22007,18.22079,-0.00082923,B
406,317.3335894,-1.291810469,23.78089,22.53116,22.01167,20.81348,19.74146,0.6710656,A
407,231.3598234,11.82865454,24.09182,21.86293,20.41552,19.45721,18.78092,0.5072675,A
408,147.9743846,20.70591498,24.75793,23.55668,23.49156,22.5577,22.48188,0.3827446,A
409,130.9260111,0.864527437,23.96868,23.58871,22.70474,21.46086,21.05854,0.8370026,A
410,151.4785416,57.66643707,25.85017,24.0391,21.39557,20.33423,19.56761,0.5623054,A
411,209.8973523,35.46436701,25.27066,24.1654,22.25002,20.98681,19.89969,0.9418397,A
412,151.5835783,21.05749678,22.3744,21.54332,21.06809,20.52492,19.62617,0.7899138,A
413,195.5908464,-0.777274805,20.52554,19.19669,18.94377,18.67489,18.34148,2.688582,C
414,239.163516,2.281077992,25.1245,20.72275,18.79131,18.05292,17.69767,0.4220021,A
415,117.8671438,49.60397048,23.88043,22.24147,21.0987,20.03103,19.15108,0.000323048,B
416,151.9017486,39.52066535,21.19619,20.5539,20.46387,20.29415,20.30242,0.675801,C
417,199.451923,58.22092049,21.90481,21.73243,21.38831,21.22571,20.79944,0.9525021,C
418,28.50382922,7.339962047,21.40166,19.12323,17.66838,17.12142,16.76867,0.2328036,A
419,171.4663856,49.20332749,19.44993,18.57083,18.26214,18.16135,18.12854,8.32e-05,B
420,184.897677,-1.414904386,22.54442,21.108,20.89682,20.69687,20.65949,0.000198046,B
421,19.27404135,0.319363461,20.06854,18.98142,18.3408,17.99274,17.81733,0.07822559,A
422,229.4474219,43.98673165,19.00049,17.20471,16.0939,15.589,15.1848,0.1223836,A
423,337.754594,32.63096941,24.55639,26.54519,21.88686,20.82109,19.9692,0.5610359,A
424,3.920189378,27.59485598,27.10148,23.08081,21.19484,20.11905,19.21258,0.9348903,A
425,252.6601696,33.8537674,23.14601,20.66885,19.30784,18.70823,18.33099,-5.82e-05,B
426,17.76410839,7.580002041,22.64631,20.39817,18.70206,18.08625,17.79297,0.3257518,A
427,159.3922097,39.46999218,25.22711,22.99358,20.93006,19.65505,19.0826,0.7243108,A
428,356.6201634,27.77434525,25.24743,22.85712,21.47294,20.37738,19.6891,0.5980074,A
429,245.5846226,36.75865702,20.94837,20.5402,20.11836,19.93604,19.99384,1.123374,C
430,351.2377447,29.25552279,21.86316,22.17156,22.39018,22.37563,22.48059,1.39244,C
431,250.2569021,41.61663619,21.70764,21.69319,21.47623,21.5254,21.69026,1.406583,A
432,112.1954762,41.1650597,20.61474,20.43724,20.07458,19.99204,19.7538,0.9929544,C
433,197.6104608,0.56617003,21.07929,20.0712,19.83959,19.71892,19.78763,-0.000443562,B
434,202.7298431,56.3629973,24.0646,22.79148,21.64676,20.39004,19.52077,0.7427786,A
435,180.0437053,58.62883312,22.40968,21.79576,21.58671,21.60194,21.2368,-0.000418019,B
436,129.8651823,9.283039163,18.82051,18.64675,18.54696,18.30745,18.13353,1.964235,C
437,181.8993206,-2.2601936,20.81356,18.84439,17.54379,17.05846,16.65631,0.2084955,A
438,186.4479896,5.158953605,16.99932,16.09502,15.82364,15.68433,15.63778,0.000113288,B
439,130.7099355,3.191188797,25.0777,22.27286,20.47042,19.5181,19.05934,0.5142062,A
440,309.9076427,-6.422883762,17.62596,15.77577,14.9301,14.55832,14.22196,0.02839776,A
441,222.7453182,52.23827239,26.48387,22.53653,20.51871,19.48835,18.96437,0.5733153,A
442,118.3064252,53.09513585,24.89722,23.44208,22.18824,20.38091,20.51558,-0.000163878,B
443,197.2286151,53.12938925,19.74817,18.38831,17.60656,17.21502,16.88216,0.1261782,A
444,6.15480589,-2.878961624,21.87429,21.8732,20.7131,19.63042,18.95056,0.8051854,A
445,238.7252973,28.17075077,23.47823,21.8265,20.02144,19.19009,18.77545,0.4503714,A
446,153.0189591,26.42897133,22.15976,22.27746,21.41911,20.97569,21.15858,1.030167,A
447,9.542047318,-0.19977227,19.06386,17.89412,17.48396,17.33602,17.27067,-0.000276882,B
448,214.4276215,38.28125457,23.93478,22.24148,20.46733,19.46512,18.97243,0.5245057,A
449,220.9532661,54.98460103,25.25841,22.27372,20.31782,19.3495,18.93325,0.5072576,A
450,167.0499575,23.00405041,25.86422,22.5952,20.91929,19.67421,19.45466,0.5883157,A
451,116.8675857,48.99023518,22.48042,21.42868,20.81166,20.49734,20.11525,0.000637411,B
452,173.5549009,52.39283894,23.97491,23.35355,21.48014,20.44666,19.61039,0.5782266,A
453,23.59573818,11.81942573,20.81935,20.72592,20.5745,20.40058,20.34841,1.818794,C
454,28.11370407,-1.331280351,21.97969,21.41223,21.22823,21.18288,20.84304,-0.000564971,B
455,219.6479821,19.82612597,17.17373,15.82711,15.32543,15.14821,15.08661,-0.000517524,B
456,216.3151019,15.99752662,19.12856,18.20706,17.86667,17.75521,17.72644,-0.000135049,B
457,172.2939915,53.88414161,23.27936,22.55548,20.80776,19.6827,19.24508,0.5830455,A
458,119.2524814,15.04027873,24.15424,21.10324,19.07063,18.24784,17.7928,0.449003,A
459,243.1353284,37.33774746,24.63491,21.96986,20.16104,19.3018,22.82684,-0.000155521,B
460,152.311445,21.89700491,22.20353,23.0868,22.09259,21.70748,21.04086,1.351548,C
461,132.9292452,19.22003029,22.56292,21.85261,20.55384,19.74576,19.22599,0.5615525,A
462,11.23739295,-2.835491719,24.5792,25.07977,21.90035,20.61726,19.85608,0.676374,A
463,243.9009571,10.70280776,22.50332,20.77729,20.45413,20.3476,20.47929,0.000259121,B
464,239.5236146,26.22536306,20.77999,19.78512,19.22557,18.97229,18.95987,-0.000338651,B
465,197.8293844,51.48452721,24.16261,21.60123,19.88598,18.97399,18.56523,0.4925061,A
466,225.4577159,55.4907006,20.33104,19.43495,19.32506,19.35348,19.10768,2.567122,C
467,2.826430318,16.17365044,20.00457,18.62643,17.5798,17.06867,16.69294,0.2130592,A
468,126.2227587,9.857585036,19.45634,17.79576,16.79214,16.35834,16.01629,0.1295798,A
469,166.45658,37.70298921,19.55636,18.06261,17.70723,17.43948,17.28225,0.04701525,A
470,133.4956628,19.41874182,21.915,21.78933,21.43179,21.2697,20.64513,1.11905,A
471,138.1950772,34.39642535,21.2043,18.91991,17.68444,17.19746,16.85156,0.183484,A
472,184.8524478,-0.294097393,18.04597,17.06197,16.722,16.5454,16.34999,0.03897807,A
473,135.6337108,4.746789462,18.0122,16.72291,16.03394,15.61152,15.35801,0.058283,A
474,126.1418056,60.0692225,20.65838,18.55429,17.54794,17.02476,16.61704,0.08599087,A
475,131.3686463,63.76436462,23.8576,21.39729,20.94287,20.64747,20.51921,-0.000208609,B
476,53.27824343,0.703439192,17.68637,16.07672,15.44455,15.19014,15.05205,0.000102947,B
477,187.7305327,51.42039231,18.47976,17.2674,16.70564,16.35708,16.11832,0.04441937,A
478,259.5899407,35.49733493,22.9741,20.8746,18.93084,18.34955,17.94222,0.358782,A
479,151.7989574,29.68516119,22.53443,20.93578,18.99101,18.35113,17.89552,0.3692601,A
480,123.7559735,30.09477935,22.71258,19.99665,18.6011,17.91778,17.5301,0.000172879,B
481,227.2029529,51.38111738,25.1146,22.5242,20.62626,19.54417,19.01568,0.6213844,A
482,171.4988947,35.8083196,24.40774,22.17823,20.53592,19.66287,19.16107,0.5598326,A
483,161.3358494,6.546675224,25.64524,22.28707,20.46181,19.45,18.97408,0.5831971,A
484,124.6703231,2.610137744,19.30577,17.41984,16.4593,16.02552,15.69324,0.09099066,A
485,340.0318128,20.95500024,25.91348,23.19917,22.11469,20.85466,19.91046,0.0,A
486,236.7004278,57.27241372,21.02045,19.22548,17.87712,17.35069,16.96273,0.2967456,A
487,147.6048155,44.61128855,20.10503,18.47449,17.44835,16.97254,16.63166,0.1517073,A
488,146.924253,18.59311732,22.8933,23.95917,22.16819,21.57769,21.48385,0.8187664,A
489,203.4122856,-0.107915753,25.29851,22.51383,20.84023,19.64829,19.08265,0.6299504,A
490,228.218971,50.41546465,19.57826,18.19999,17.58896,17.24,17.01677,0.03821921,A
491,229.2027455,-1.679791059,17.53176,16.48985,16.02611,15.82106,15.72078,-0.000274888,B
492,336.4973396,2.440524501,23.24284,21.95901,21.62312,20.9791,20.47378,2.07828,C
493,356.5205937,12.90319782,22.89477,20.78324,19.89934,19.50511,19.39132,9.89e-05,B
494,1.803027608,1.98192222,18.98855,18.11194,17.87704,17.77381,17.74623,-0.00067719,B
495,4.511598758,-2.776457389,26.56984,22.4754,21.21549,20.07739,19.48718,0.6524981,A
496,165.5248734,50.9641908,24.02202,23.34848,21.45785,20.14637,19.40543,0.7039297,A
497,327.8885773,6.85021443,20.00618,19.52545,19.5075,19.29824,19.39425,0.6163313,C
498,126.7575779,34.65779299,20.74834,18.97048,17.77906,17.25716,16.90522,0.1551049,A
499,147.9311892,0.952106002,19.20417,17.94598,17.54855,17.3398,17.20803,0.02719792,A
500,195.0747283,46.2285049,24.33898,22.77367,20.88079,20.49428,19.75963,0.3518834,A
501,227.1233129,27.1877766,20.78376,18.62749,17.42331,16.94674,16.55733,0.1605555,A
502,252.0158514,23.76238297,21.06159,20.41025,20.10781,19.60889,19.24019,1.894981,C
503,328.9978822,4.126766538,22.49757,22.24753,21.92106,21.80457,22.12096,2.651571,C
504,190.9119599,57.2109647,22.42529,21.02328,19.59504,18.81096,18.35108,0.3394629,A
505,169.4849517,3.046697461,21.54257,21.42397,19.51191,18.86771,18.45251,0.3236684,A
506,206.7295591,19.81122218,24.09525,21.9576,20.73323,19.62799,19.12423,0.5724098,A
507,46.15193122,0.655286434,22.92789,21.10813,19.70173,19.13142,18.81036,0.2516028,A
508,215.5026198,45.63541698,22.72944,20.8183,20.46836,20.26382,20.42966,3.075073,C
509,241.3621993,27.42558394,19.62095,18.34108,17.5441,17.11646,16.83639,0.1333931,A
510,192.1429407,58.83779688,14.80675,13.71093,13.37729,13.29089,13.26307,-6.48e-05,B
511,228.8130075,51.69649282,19.26814,16.83356,15.87471,15.56896,15.41201,-0.000101864,B
512,20.94782242,27.97863691,20.82402,20.72566,20.09889,20.13596,20.20759,1.28225,C
513,218.4391064,29.16843126,21.35261,18.44717,17.15075,16.59326,16.29625,-2.47e-05,B
514,121.5540122,30.0412489,22.09358,21.932,21.72162,21.53733,21.693,1.942583,C
515,228.7515706,28.9777766,24.37457,21.657,20.74283,19.9144,19.59546,0.5904567,A
516,216.3619395,56.32017458,16.35253,15.01881,14.63498,14.3999,14.18429,0.006292686,A
517,350.3233845,12.31974972,26.23997,21.46686,19.71769,18.92968,18.65617,0.4596593,A
518,128.0410872,33.09889876,21.17015,18.62299,17.65439,17.30801,17.08446,0.000121964,B
519,209.7800855,53.21935888,25.05111,21.56918,19.91285,19.11089,18.60347,0.4534583,A
520,31.97370376,-1.031427365,24.34535,22.09743,21.7703,21.19162,20.35314,0.8108538,A
521,202.7843112,22.15758423,22.19939,19.35622,17.75347,17.2168,16.87439,0.2861828,A
522,252.112757,43.51110442,21.86237,21.21774,21.11583,21.10508,20.75035,2.229631,C
523,194.8272441,67.92963738,24.03486,20.50861,18.85622,18.12594,17.72392,0.4246849,A
524,236.2330372,8.783290617,19.14773,17.57697,16.78966,16.37276,16.08381,0.03389532,A
525,159.0196369,27.4578084,23.34372,23.46992,21.48226,20.43709,19.7318,0.5407051,A
526,41.78941542,-4.124169467,23.25562,23.2181,22.63338,22.19552,21.95133,1.284558,A
527,173.8743425,22.06016633,23.47059,21.93326,21.83556,21.94506,21.45702,1.023019,C
528,155.0714383,64.77269653,19.28902,17.41521,16.4505,15.99322,15.6418,0.1162528,A
529,143.3429913,17.18539418,18.68849,17.44336,16.74359,16.33867,16.07249,0.08793475,A
530,134.7643914,44.55264797,19.47301,18.18316,17.72238,17.48992,17.29916,0.03233975,A
531,181.4553648,30.0648756,17.68312,16.05394,15.29342,14.84992,14.51163,0.04514145,A
532,354.8049876,-0.148416738,19.30356,16.62856,15.31411,14.75779,14.46919,5.55e-05,B
533,336.0545758,3.267799754,24.56281,22.74109,21.17683,19.994,19.55531,0.5565426,A
534,355.6479284,3.295929162,21.77195,21.50793,21.19262,21.27933,20.94022,1.314071,C
535,149.0405844,39.62535977,24.17236,20.281,18.89903,18.2528,17.94629,0.3577931,A
536,208.5318757,38.91807863,24.43989,21.30749,19.85367,19.00679,18.45938,0.4731435,A
537,227.2595858,38.05165824,22.31011,22.44299,22.02613,22.14152,21.84401,0.1700753,A
538,250.6443428,37.94872087,23.67357,20.89858,19.18556,18.54133,18.11063,0.3089864,A
539,46.30192116,0.257991964,21.37193,19.38956,18.62528,18.14946,17.78459,0.107828,A
540,0.914849303,-6.877054345,20.75941,19.18214,17.77884,17.23211,16.91685,0.2307422,A
541,136.0284992,56.74000784,21.73138,20.94022,20.60943,20.58688,20.3397,0.000311416,B
542,217.65567,56.02890741,19.98405,18.40497,17.52169,17.07079,16.74495,0.120884,A
543,160.3006701,57.09514003,26.11234,22.88224,21.34328,20.35497,19.6896,0.579441,A
544,124.4979439,58.41149364,18.53673,17.85705,17.63846,17.26746,17.20687,0.09032825,A
545,322.7823603,4.487251525,26.13106,22.35838,20.96783,19.70733,19.33022,0.6477294,A
546,140.1422023,56.18384757,18.86086,18.689,18.4789,18.53473,18.50507,1.02563,C
547,143.2306181,17.21134035,23.37806,21.20498,20.75764,20.63103,20.73472,-9.06e-05,B
548,41.67592104,-0.714960696,22.47801,22.07915,21.89389,20.71778,20.12295,0.8078082,A
549,54.34744252,1.018287375,22.61057,22.99912,21.43827,20.44975,20.12317,3.34e-05,B
550,10.00083564,-6.735827954,26.22854,21.91191,20.53624,19.48432,19.02421,0.5947334,A
551,347.9079074,15.85767068,22.19183,21.6834,21.71128,21.77857,20.83723,3.284498,C
552,162.6927364,30.46662709,23.94639,23.47116,23.71082,21.9818,21.41595,0.9939157,A
553,249.551433,45.09615728,22.35407,19.63833,18.18721,17.65998,17.26856,0.2324193,A
554,243.0533402,21.87460855,19.37757,18.46519,17.92647,17.66867,17.40808,0.01481572,A
555,338.4628385,0.058523687,25.06778,24.10997,21.9008,20.69166,19.9459,0.786728,A
556,47.67916828,0.234840017,21.13371,20.47561,19.58792,19.29443,18.94408,0.3778375,A
557,179.8384053,54.31469998,21.88256,21.55099,21.3771,21.31117,21.31675,1.283247,C
558,197.3502895,58.39672777,23.27972,21.34092,19.9231,19.36233,19.05688,0.3079639,A
559,335.4779506,0.061237349,23.71742,23.07951,22.1029,21.69555,21.07526,0.7262959,A
560,311.343146,-7.211192251,21.63759,19.66209,18.06188,17.49593,17.06275,0.1896512,A
561,347.6204035,12.17712543,22.80565,20.36251,18.5319,17.89353,17.50235,0.3453517,A
562,238.0865934,45.52260358,23.23247,21.91781,20.00214,19.13594,18.60281,0.4507872,A
563,15.23028187,0.25935193,22.50828,21.96823,20.26561,19.31797,19.00439,0.4861717,A
564,222.8688498,5.88012245,20.63418,19.37723,19.17484,18.98714,19.14969,-0.000203027,B
565,164.634887,52.68351033,24.64557,22.35964,21.70271,20.47088,19.72203,0.7915368,C
566,188.3644045,19.22209974,20.51132,18.21057,16.88598,16.40602,16.00385,0.1945969,A
567,170.9320346,53.60643659,26.34075,20.47816,18.83424,17.9677,17.43067,0.4882918,A
568,11.78093621,7.164839705,18.52861,17.54678,17.15714,16.97366,16.92263,-0.000151395,B
569,109.5374508,40.59314177,24.09432,23.63159,21.84472,20.43955,20.10924,0.5492661,A
570,9.961986416,-1.062549861,22.85001,22.09837,21.88609,21.51597,20.68649,0.8001733,A
571,194.275849,49.21292131,20.01099,18.94838,18.93437,19.03145,19.27065,-0.000467143,B
572,129.6148281,47.10478339,22.61716,21.75587,20.86801,20.21393,19.86801,0.6537191,A
573,181.8621238,19.21227016,18.01474,16.51539,15.97557,15.8226,15.73042,-0.000104771,B
574,163.4954622,1.853401506,23.16939,20.66255,18.90256,18.24134,17.82587,0.3682076,A
575,55.98591875,1.120958117,20.83761,19.08204,17.84855,17.27684,16.80713,0.1393062,A
576,212.7904507,2.942416983,23.07237,21.40036,19.73716,18.95875,18.58924,0.441131,A
577,244.0701366,42.80722208,20.10599,18.99392,18.66469,18.50377,18.44537,-0.000548717,B
578,208.8301172,7.060521061,19.14053,18.12181,17.71421,17.48746,17.40659,0.03759019,A
579,46.17255398,0.829963389,21.21943,19.66086,18.59088,18.08227,17.72371,0.2090703,A
580,358.392339,38.95618307,19.75978,18.29595,17.63877,17.40185,17.25378,-0.00013334,B
581,170.7552804,18.65223908,22.9122,22.0004,20.35625,19.45843,19.02556,0.4598769,A
582,19.4799213,6.644640361,21.70739,19.11913,17.74609,17.2199,16.81255,0.1909471,A
583,13.37525348,11.86496162,22.3538,20.02552,18.34617,17.69679,17.25051,0.3060968,A
584,134.0432929,37.88165446,21.36527,20.78556,20.80256,20.63049,20.3478,2.199445,C
585,148.5732909,13.95363318,19.27265,16.98429,16.0365,15.6548,15.42608,6.33e-05,B
586,112.3998624,26.68260348,23.63388,22.12348,22.93562,21.70744,19.38926,0.000127076,B
587,245.3001096,37.62922217,19.65084,18.06074,17.02348,16.48889,16.16759,0.1854757,A
588,27.81085317,-1.187840758,23.63755,20.12661,18.63856,18.03709,17.74314,0.2428364,A
589,170.4582558,-12.00786888,21.53238,20.40786,20.28993,20.22375,20.40021,0.000294769,B
590,155.1808273,24.13973123,23.57597,22.19795,21.89864,21.44823,21.84468,0.8717776,A
591,160.4109416,39.72086021,23.12699,21.87879,20.49388,19.5612,18.99917,0.5552175,A
592,144.5534739,21.34569501,19.23535,18.2809,17.68085,17.25105,17.05086,0.1246395,A
593,149.905846,35.31495355,22.58692,22.16505,20.72311,19.51131,18.95372,0.7078246,A
594,223.3116623,-1.864381026,22.99407,22.46948,20.83381,19.8103,19.45731,0.5359389,A
595,12.9910829,7.095769067,22.40523,22.22295,21.93344,21.80526,21.61434,1.452382,C
596,129.1915719,44.33381375,22.72701,21.96369,21.19047,20.10706,19.54906,0.8462418,A
597,204.2486856,22.01793936,20.21949,18.34259,17.34425,16.89656,16.55357,0.108363,A
598,144.8006654,56.75144411,23.11256,22.00737,20.35379,19.46821,19.03854,0.4999262,A
599,322.2744356,0.888131143,22.76601,22.32952,21.72029,21.36999,20.58024,0.7731757,C
